-- --------------------------------------------------------
-- ホスト:                          presto.homestead.test
-- サーバーのバージョン:                   5.7.23-0ubuntu0.18.04.1 - (Ubuntu)
-- サーバー OS:                      Linux
-- HeidiSQL バージョン:               10.1.0.5464
-- --------------------------------------------------------

/*!40101 SET @OLD_CHARACTER_SET_CLIENT=@@CHARACTER_SET_CLIENT */;
/*!40101 SET NAMES utf8 */;
/*!50503 SET NAMES utf8mb4 */;
/*!40014 SET @OLD_FOREIGN_KEY_CHECKS=@@FOREIGN_KEY_CHECKS, FOREIGN_KEY_CHECKS=0 */;
/*!40101 SET @OLD_SQL_MODE=@@SQL_MODE, SQL_MODE='NO_AUTO_VALUE_ON_ZERO' */;


-- presto_master のデータベース構造をダンプしています
DROP DATABASE IF EXISTS `presto_master`;
CREATE DATABASE IF NOT EXISTS `presto_master` /*!40100 DEFAULT CHARACTER SET utf8 */;
USE `presto_master`;

--  テーブル presto_master.master_character の構造をダンプしています
DROP TABLE IF EXISTS `master_character`;
CREATE TABLE IF NOT EXISTS `master_character` (
  `character_id` int(10) unsigned DEFAULT NULL,
  `character_original_id` int(10) unsigned DEFAULT NULL,
  `rank` int(10) unsigned DEFAULT NULL,
  `name` varchar(50) DEFAULT NULL,
  `caption` text
) ENGINE=InnoDB DEFAULT CHARSET=utf8 COMMENT='キャラマスター';

-- テーブル presto_master.master_character: ~50 rows (約) のデータをダンプしています
DELETE FROM `master_character`;
/*!40000 ALTER TABLE `master_character` DISABLE KEYS */;
INSERT INTO `master_character` (`character_id`, `character_original_id`, `rank`, `name`, `caption`) VALUES
	(100101, 1001, 1, '銃士#R.1', '銃士#R.1'),
	(100102, 1001, 2, '銃士#R.2', '銃士#R.2'),
	(100103, 1001, 3, '銃士#R.3', '銃士#R.3'),
	(100104, 1001, 4, '銃士#R.4', '銃士#R.4'),
	(100105, 1001, 5, '銃士#R.5', '銃士#R.5'),
	(100201, 1002, 1, '銃士#R.1', '銃士#R.1'),
	(100202, 1002, 2, '銃士#R.2', '銃士#R.2'),
	(100203, 1002, 3, '銃士#R.3', '銃士#R.3'),
	(100204, 1002, 4, '銃士#R.4', '銃士#R.4'),
	(100205, 1002, 5, '銃士#R.5', '銃士#R.5'),
	(100301, 1003, 1, '剣闘士#R.1', '剣闘士#R.1'),
	(100302, 1003, 2, '剣闘士#R.2', '剣闘士#R.2'),
	(100303, 1003, 3, '剣闘士#R.3', '剣闘士#R.3'),
	(100304, 1003, 4, '剣闘士#R.4', '剣闘士#R.4'),
	(100305, 1003, 5, '剣闘士#R.5', '剣闘士#R.5'),
	(100401, 1004, 1, '剣闘士#R.1', '剣闘士#R.1'),
	(100402, 1004, 2, '剣闘士#R.2', '剣闘士#R.2'),
	(100403, 1004, 3, '剣闘士#R.3', '剣闘士#R.3'),
	(100404, 1004, 4, '剣闘士#R.4', '剣闘士#R.4'),
	(100405, 1004, 5, '剣闘士#R.5', '剣闘士#R.5'),
	(100501, 1005, 1, '重戦士#R.1', '重戦士#R.1'),
	(100502, 1005, 2, '重戦士#R.2', '重戦士#R.2'),
	(100503, 1005, 3, '重戦士#R.3', '重戦士#R.3'),
	(100504, 1005, 4, '重戦士#R.4', '重戦士#R.4'),
	(100505, 1005, 5, '重戦士#R.5', '重戦士#R.5'),
	(100601, 1006, 1, '重戦士#R.1', '重戦士#R.1'),
	(100602, 1006, 2, '重戦士#R.2', '重戦士#R.2'),
	(100603, 1006, 3, '重戦士#R.3', '重戦士#R.3'),
	(100604, 1006, 4, '重戦士#R.4', '重戦士#R.4'),
	(100605, 1006, 5, '重戦士#R.5', '重戦士#R.5'),
	(100701, 1007, 1, '治癒士#R.1', '治癒士#R.1'),
	(100702, 1007, 2, '治癒士#R.2', '治癒士#R.2'),
	(100703, 1007, 3, '治癒士#R.3', '治癒士#R.3'),
	(100704, 1007, 4, '治癒士#R.4', '治癒士#R.4'),
	(100705, 1007, 5, '治癒士#R.5', '治癒士#R.5'),
	(100801, 1008, 1, '治癒士#R.1', '治癒士#R.1'),
	(100802, 1008, 2, '治癒士#R.2', '治癒士#R.2'),
	(100803, 1008, 3, '治癒士#R.3', '治癒士#R.3'),
	(100804, 1008, 4, '治癒士#R.4', '治癒士#R.4'),
	(100805, 1008, 5, '治癒士#R.5', '治癒士#R.5'),
	(100901, 1009, 1, '防御士#R.1', '防御士#R.1'),
	(100902, 1009, 2, '防御士#R.2', '防御士#R.2'),
	(100903, 1009, 3, '防御士#R.3', '防御士#R.3'),
	(100904, 1009, 4, '防御士#R.4', '防御士#R.4'),
	(100905, 1009, 5, '防御士#R.5', '防御士#R.5'),
	(101001, 1010, 1, '防御士#R.1', '防御士#R.1'),
	(101002, 1010, 2, '防御士#R.2', '防御士#R.2'),
	(101003, 1010, 3, '防御士#R.3', '防御士#R.3'),
	(101004, 1010, 4, '防御士#R.4', '防御士#R.4'),
	(101005, 1010, 5, '防御士#R.5', '防御士#R.5');
/*!40000 ALTER TABLE `master_character` ENABLE KEYS */;

--  テーブル presto_master.master_character_level の構造をダンプしています
DROP TABLE IF EXISTS `master_character_level`;
CREATE TABLE IF NOT EXISTS `master_character_level` (
  `id` int(10) unsigned NOT NULL,
  `character_id` int(10) unsigned NOT NULL,
  `character_original_id` int(10) unsigned NOT NULL,
  `rank` int(11) unsigned NOT NULL DEFAULT '0',
  `level` int(11) unsigned NOT NULL DEFAULT '0',
  `ap` int(11) unsigned NOT NULL DEFAULT '0',
  `mp` int(11) unsigned NOT NULL DEFAULT '0',
  `hp` int(11) unsigned NOT NULL DEFAULT '0',
  `power` int(11) unsigned NOT NULL DEFAULT '0',
  `stamina` int(11) unsigned NOT NULL DEFAULT '0',
  `speed` int(11) unsigned NOT NULL DEFAULT '0',
  `intellect` int(11) unsigned NOT NULL DEFAULT '0',
  `attack_min` int(11) unsigned NOT NULL DEFAULT '0',
  `attack_max` int(11) unsigned NOT NULL DEFAULT '0',
  `defence_min` int(11) unsigned NOT NULL DEFAULT '0',
  `defence_max` int(11) unsigned NOT NULL DEFAULT '0',
  `hit_value` int(11) unsigned NOT NULL DEFAULT '0',
  `hit_avoid_value` int(11) unsigned NOT NULL DEFAULT '0',
  `critical_hit_value` int(11) unsigned NOT NULL DEFAULT '0',
  `critical_hit_avoid_value` int(11) unsigned NOT NULL DEFAULT '0',
  `hp_reflect_damage_rate` int(11) unsigned NOT NULL DEFAULT '0' COMMENT 'HP反射',
  `hp_sorption_value` int(11) unsigned NOT NULL DEFAULT '0',
  `debuff_resistance_value` int(11) unsigned NOT NULL DEFAULT '0' COMMENT '状態異常耐性',
  `hp_auto_recovery_min` int(11) unsigned NOT NULL DEFAULT '0',
  `hp_auto_recovery_max` int(11) unsigned NOT NULL DEFAULT '0',
  `mp_auto_recovery_min` int(11) unsigned NOT NULL DEFAULT '0',
  `mp_auto_recovery_max` int(11) unsigned NOT NULL DEFAULT '0',
  `ap_auto_recovery_min` int(11) unsigned NOT NULL DEFAULT '0',
  `ap_auto_recovery_max` int(11) unsigned NOT NULL DEFAULT '0'
) ENGINE=InnoDB DEFAULT CHARSET=utf8mb4 COLLATE=utf8mb4_unicode_ci COMMENT='キャラマスター';

-- テーブル presto_master.master_character_level: ~200 rows (約) のデータをダンプしています
DELETE FROM `master_character_level`;
/*!40000 ALTER TABLE `master_character_level` DISABLE KEYS */;
INSERT INTO `master_character_level` (`id`, `character_id`, `character_original_id`, `rank`, `level`, `ap`, `mp`, `hp`, `power`, `stamina`, `speed`, `intellect`, `attack_min`, `attack_max`, `defence_min`, `defence_max`, `hit_value`, `hit_avoid_value`, `critical_hit_value`, `critical_hit_avoid_value`, `hp_reflect_damage_rate`, `hp_sorption_value`, `debuff_resistance_value`, `hp_auto_recovery_min`, `hp_auto_recovery_max`, `mp_auto_recovery_min`, `mp_auto_recovery_max`, `ap_auto_recovery_min`, `ap_auto_recovery_max`) VALUES
	(100101001, 100101, 1001, 1, 1, 100, 100, 100, 100, 100, 100, 100, 100, 100, 100, 100, 100, 100, 100, 100, 100, 100, 100, 5, 10, 5, 10, 5, 10),
	(100101002, 100101, 1001, 1, 2, 200, 200, 200, 200, 200, 200, 200, 200, 200, 200, 200, 200, 200, 200, 200, 200, 200, 200, 10, 20, 10, 20, 10, 20),
	(100101003, 100101, 1001, 1, 3, 300, 300, 300, 300, 300, 300, 300, 300, 300, 300, 300, 300, 300, 300, 300, 300, 300, 300, 15, 30, 15, 30, 15, 30),
	(100101004, 100101, 1001, 1, 4, 400, 400, 400, 400, 400, 400, 400, 400, 400, 400, 400, 400, 400, 400, 400, 400, 400, 400, 20, 40, 20, 40, 20, 40),
	(100101005, 100101, 1001, 1, 5, 500, 500, 500, 500, 500, 500, 500, 500, 500, 500, 500, 500, 500, 500, 500, 500, 500, 500, 25, 50, 25, 50, 25, 50),
	(100101006, 100101, 1001, 1, 6, 600, 600, 600, 600, 600, 600, 600, 600, 600, 600, 600, 600, 600, 600, 600, 600, 600, 600, 30, 60, 30, 60, 30, 60),
	(100101007, 100101, 1001, 1, 7, 700, 700, 700, 700, 700, 700, 700, 700, 700, 700, 700, 700, 700, 700, 700, 700, 700, 700, 35, 70, 35, 70, 35, 70),
	(100101008, 100101, 1001, 1, 8, 800, 800, 800, 800, 800, 800, 800, 800, 800, 800, 800, 800, 800, 800, 800, 800, 800, 800, 40, 80, 40, 80, 40, 80),
	(100101009, 100101, 1001, 1, 9, 900, 900, 900, 900, 900, 900, 900, 900, 900, 900, 900, 900, 900, 900, 900, 900, 900, 900, 45, 90, 45, 90, 45, 90),
	(100101010, 100101, 1001, 1, 10, 1000, 1000, 1000, 1000, 1000, 1000, 1000, 1000, 1000, 1000, 1000, 1000, 1000, 1000, 1000, 1000, 1000, 1000, 50, 100, 50, 100, 50, 100),
	(100102011, 100102, 1001, 2, 11, 1100, 1100, 1100, 1100, 1100, 1100, 1100, 1100, 1100, 1100, 1100, 1100, 1100, 1100, 1100, 1100, 1100, 1100, 55, 110, 55, 110, 55, 110),
	(100102012, 100102, 1001, 2, 12, 1200, 1200, 1200, 1200, 1200, 1200, 1200, 1200, 1200, 1200, 1200, 1200, 1200, 1200, 1200, 1200, 1200, 1200, 60, 120, 60, 120, 60, 120),
	(100102013, 100102, 1001, 2, 13, 1300, 1300, 1300, 1300, 1300, 1300, 1300, 1300, 1300, 1300, 1300, 1300, 1300, 1300, 1300, 1300, 1300, 1300, 65, 130, 65, 130, 65, 130),
	(100102014, 100102, 1001, 2, 14, 1400, 1400, 1400, 1400, 1400, 1400, 1400, 1400, 1400, 1400, 1400, 1400, 1400, 1400, 1400, 1400, 1400, 1400, 70, 140, 70, 140, 70, 140),
	(100102015, 100102, 1001, 2, 15, 1500, 1500, 1500, 1500, 1500, 1500, 1500, 1500, 1500, 1500, 1500, 1500, 1500, 1500, 1500, 1500, 1500, 1500, 75, 150, 75, 150, 75, 150),
	(100102016, 100102, 1001, 2, 16, 1600, 1600, 1600, 1600, 1600, 1600, 1600, 1600, 1600, 1600, 1600, 1600, 1600, 1600, 1600, 1600, 1600, 1600, 80, 160, 80, 160, 80, 160),
	(100102017, 100102, 1001, 2, 17, 1700, 1700, 1700, 1700, 1700, 1700, 1700, 1700, 1700, 1700, 1700, 1700, 1700, 1700, 1700, 1700, 1700, 1700, 85, 170, 85, 170, 85, 170),
	(100102018, 100102, 1001, 2, 18, 1800, 1800, 1800, 1800, 1800, 1800, 1800, 1800, 1800, 1800, 1800, 1800, 1800, 1800, 1800, 1800, 1800, 1800, 90, 180, 90, 180, 90, 180),
	(100102019, 100102, 1001, 2, 19, 1900, 1900, 1900, 1900, 1900, 1900, 1900, 1900, 1900, 1900, 1900, 1900, 1900, 1900, 1900, 1900, 1900, 1900, 95, 190, 95, 190, 95, 190),
	(100102020, 100102, 1001, 2, 20, 2000, 2000, 2000, 2000, 2000, 2000, 2000, 2000, 2000, 2000, 2000, 2000, 2000, 2000, 2000, 2000, 2000, 2000, 100, 200, 100, 200, 100, 200),
	(100201001, 100201, 1002, 1, 1, 100, 100, 100, 100, 100, 100, 100, 100, 100, 100, 100, 100, 100, 100, 100, 100, 100, 100, 5, 10, 5, 10, 5, 10),
	(100201002, 100201, 1002, 1, 2, 200, 200, 200, 200, 200, 200, 200, 200, 200, 200, 200, 200, 200, 200, 200, 200, 200, 200, 10, 20, 10, 20, 10, 20),
	(100201003, 100201, 1002, 1, 3, 300, 300, 300, 300, 300, 300, 300, 300, 300, 300, 300, 300, 300, 300, 300, 300, 300, 300, 15, 30, 15, 30, 15, 30),
	(100201004, 100201, 1002, 1, 4, 400, 400, 400, 400, 400, 400, 400, 400, 400, 400, 400, 400, 400, 400, 400, 400, 400, 400, 20, 40, 20, 40, 20, 40),
	(100201005, 100201, 1002, 1, 5, 500, 500, 500, 500, 500, 500, 500, 500, 500, 500, 500, 500, 500, 500, 500, 500, 500, 500, 25, 50, 25, 50, 25, 50),
	(100201006, 100201, 1002, 1, 6, 600, 600, 600, 600, 600, 600, 600, 600, 600, 600, 600, 600, 600, 600, 600, 600, 600, 600, 30, 60, 30, 60, 30, 60),
	(100201007, 100201, 1002, 1, 7, 700, 700, 700, 700, 700, 700, 700, 700, 700, 700, 700, 700, 700, 700, 700, 700, 700, 700, 35, 70, 35, 70, 35, 70),
	(100201008, 100201, 1002, 1, 8, 800, 800, 800, 800, 800, 800, 800, 800, 800, 800, 800, 800, 800, 800, 800, 800, 800, 800, 40, 80, 40, 80, 40, 80),
	(100201009, 100201, 1002, 1, 9, 900, 900, 900, 900, 900, 900, 900, 900, 900, 900, 900, 900, 900, 900, 900, 900, 900, 900, 45, 90, 45, 90, 45, 90),
	(100201010, 100201, 1002, 1, 10, 1000, 1000, 1000, 1000, 1000, 1000, 1000, 1000, 1000, 1000, 1000, 1000, 1000, 1000, 1000, 1000, 1000, 1000, 50, 100, 50, 100, 50, 100),
	(100202011, 100202, 1002, 2, 11, 1100, 1100, 1100, 1100, 1100, 1100, 1100, 1100, 1100, 1100, 1100, 1100, 1100, 1100, 1100, 1100, 1100, 1100, 55, 110, 55, 110, 55, 110),
	(100202012, 100202, 1002, 2, 12, 1200, 1200, 1200, 1200, 1200, 1200, 1200, 1200, 1200, 1200, 1200, 1200, 1200, 1200, 1200, 1200, 1200, 1200, 60, 120, 60, 120, 60, 120),
	(100202013, 100202, 1002, 2, 13, 1300, 1300, 1300, 1300, 1300, 1300, 1300, 1300, 1300, 1300, 1300, 1300, 1300, 1300, 1300, 1300, 1300, 1300, 65, 130, 65, 130, 65, 130),
	(100202014, 100202, 1002, 2, 14, 1400, 1400, 1400, 1400, 1400, 1400, 1400, 1400, 1400, 1400, 1400, 1400, 1400, 1400, 1400, 1400, 1400, 1400, 70, 140, 70, 140, 70, 140),
	(100202015, 100202, 1002, 2, 15, 1500, 1500, 1500, 1500, 1500, 1500, 1500, 1500, 1500, 1500, 1500, 1500, 1500, 1500, 1500, 1500, 1500, 1500, 75, 150, 75, 150, 75, 150),
	(100202016, 100202, 1002, 2, 16, 1600, 1600, 1600, 1600, 1600, 1600, 1600, 1600, 1600, 1600, 1600, 1600, 1600, 1600, 1600, 1600, 1600, 1600, 80, 160, 80, 160, 80, 160),
	(100202017, 100202, 1002, 2, 17, 1700, 1700, 1700, 1700, 1700, 1700, 1700, 1700, 1700, 1700, 1700, 1700, 1700, 1700, 1700, 1700, 1700, 1700, 85, 170, 85, 170, 85, 170),
	(100202018, 100202, 1002, 2, 18, 1800, 1800, 1800, 1800, 1800, 1800, 1800, 1800, 1800, 1800, 1800, 1800, 1800, 1800, 1800, 1800, 1800, 1800, 90, 180, 90, 180, 90, 180),
	(100202019, 100202, 1002, 2, 19, 1900, 1900, 1900, 1900, 1900, 1900, 1900, 1900, 1900, 1900, 1900, 1900, 1900, 1900, 1900, 1900, 1900, 1900, 95, 190, 95, 190, 95, 190),
	(100202020, 100202, 1002, 2, 20, 2000, 2000, 2000, 2000, 2000, 2000, 2000, 2000, 2000, 2000, 2000, 2000, 2000, 2000, 2000, 2000, 2000, 2000, 100, 200, 100, 200, 100, 200),
	(100301001, 100301, 1003, 1, 1, 100, 100, 100, 100, 100, 100, 100, 100, 100, 100, 100, 100, 100, 100, 100, 100, 100, 100, 5, 10, 5, 10, 5, 10),
	(100301002, 100301, 1003, 1, 2, 200, 200, 200, 200, 200, 200, 200, 200, 200, 200, 200, 200, 200, 200, 200, 200, 200, 200, 10, 20, 10, 20, 10, 20),
	(100301003, 100301, 1003, 1, 3, 300, 300, 300, 300, 300, 300, 300, 300, 300, 300, 300, 300, 300, 300, 300, 300, 300, 300, 15, 30, 15, 30, 15, 30),
	(100301004, 100301, 1003, 1, 4, 400, 400, 400, 400, 400, 400, 400, 400, 400, 400, 400, 400, 400, 400, 400, 400, 400, 400, 20, 40, 20, 40, 20, 40),
	(100301005, 100301, 1003, 1, 5, 500, 500, 500, 500, 500, 500, 500, 500, 500, 500, 500, 500, 500, 500, 500, 500, 500, 500, 25, 50, 25, 50, 25, 50),
	(100301006, 100301, 1003, 1, 6, 600, 600, 600, 600, 600, 600, 600, 600, 600, 600, 600, 600, 600, 600, 600, 600, 600, 600, 30, 60, 30, 60, 30, 60),
	(100301007, 100301, 1003, 1, 7, 700, 700, 700, 700, 700, 700, 700, 700, 700, 700, 700, 700, 700, 700, 700, 700, 700, 700, 35, 70, 35, 70, 35, 70),
	(100301008, 100301, 1003, 1, 8, 800, 800, 800, 800, 800, 800, 800, 800, 800, 800, 800, 800, 800, 800, 800, 800, 800, 800, 40, 80, 40, 80, 40, 80),
	(100301009, 100301, 1003, 1, 9, 900, 900, 900, 900, 900, 900, 900, 900, 900, 900, 900, 900, 900, 900, 900, 900, 900, 900, 45, 90, 45, 90, 45, 90),
	(100301010, 100301, 1003, 1, 10, 1000, 1000, 1000, 1000, 1000, 1000, 1000, 1000, 1000, 1000, 1000, 1000, 1000, 1000, 1000, 1000, 1000, 1000, 50, 100, 50, 100, 50, 100),
	(100302011, 100302, 1003, 2, 11, 1100, 1100, 1100, 1100, 1100, 1100, 1100, 1100, 1100, 1100, 1100, 1100, 1100, 1100, 1100, 1100, 1100, 1100, 55, 110, 55, 110, 55, 110),
	(100302012, 100302, 1003, 2, 12, 1200, 1200, 1200, 1200, 1200, 1200, 1200, 1200, 1200, 1200, 1200, 1200, 1200, 1200, 1200, 1200, 1200, 1200, 60, 120, 60, 120, 60, 120),
	(100302013, 100302, 1003, 2, 13, 1300, 1300, 1300, 1300, 1300, 1300, 1300, 1300, 1300, 1300, 1300, 1300, 1300, 1300, 1300, 1300, 1300, 1300, 65, 130, 65, 130, 65, 130),
	(100302014, 100302, 1003, 2, 14, 1400, 1400, 1400, 1400, 1400, 1400, 1400, 1400, 1400, 1400, 1400, 1400, 1400, 1400, 1400, 1400, 1400, 1400, 70, 140, 70, 140, 70, 140),
	(100302015, 100302, 1003, 2, 15, 1500, 1500, 1500, 1500, 1500, 1500, 1500, 1500, 1500, 1500, 1500, 1500, 1500, 1500, 1500, 1500, 1500, 1500, 75, 150, 75, 150, 75, 150),
	(100302016, 100302, 1003, 2, 16, 1600, 1600, 1600, 1600, 1600, 1600, 1600, 1600, 1600, 1600, 1600, 1600, 1600, 1600, 1600, 1600, 1600, 1600, 80, 160, 80, 160, 80, 160),
	(100302017, 100302, 1003, 2, 17, 1700, 1700, 1700, 1700, 1700, 1700, 1700, 1700, 1700, 1700, 1700, 1700, 1700, 1700, 1700, 1700, 1700, 1700, 85, 170, 85, 170, 85, 170),
	(100302018, 100302, 1003, 2, 18, 1800, 1800, 1800, 1800, 1800, 1800, 1800, 1800, 1800, 1800, 1800, 1800, 1800, 1800, 1800, 1800, 1800, 1800, 90, 180, 90, 180, 90, 180),
	(100302019, 100302, 1003, 2, 19, 1900, 1900, 1900, 1900, 1900, 1900, 1900, 1900, 1900, 1900, 1900, 1900, 1900, 1900, 1900, 1900, 1900, 1900, 95, 190, 95, 190, 95, 190),
	(100302020, 100302, 1003, 2, 20, 2000, 2000, 2000, 2000, 2000, 2000, 2000, 2000, 2000, 2000, 2000, 2000, 2000, 2000, 2000, 2000, 2000, 2000, 100, 200, 100, 200, 100, 200),
	(100401001, 100401, 1004, 1, 1, 100, 100, 100, 100, 100, 100, 100, 100, 100, 100, 100, 100, 100, 100, 100, 100, 100, 100, 5, 10, 5, 10, 5, 10),
	(100401002, 100401, 1004, 1, 2, 200, 200, 200, 200, 200, 200, 200, 200, 200, 200, 200, 200, 200, 200, 200, 200, 200, 200, 10, 20, 10, 20, 10, 20),
	(100401003, 100401, 1004, 1, 3, 300, 300, 300, 300, 300, 300, 300, 300, 300, 300, 300, 300, 300, 300, 300, 300, 300, 300, 15, 30, 15, 30, 15, 30),
	(100401004, 100401, 1004, 1, 4, 400, 400, 400, 400, 400, 400, 400, 400, 400, 400, 400, 400, 400, 400, 400, 400, 400, 400, 20, 40, 20, 40, 20, 40),
	(100401005, 100401, 1004, 1, 5, 500, 500, 500, 500, 500, 500, 500, 500, 500, 500, 500, 500, 500, 500, 500, 500, 500, 500, 25, 50, 25, 50, 25, 50),
	(100401006, 100401, 1004, 1, 6, 600, 600, 600, 600, 600, 600, 600, 600, 600, 600, 600, 600, 600, 600, 600, 600, 600, 600, 30, 60, 30, 60, 30, 60),
	(100401007, 100401, 1004, 1, 7, 700, 700, 700, 700, 700, 700, 700, 700, 700, 700, 700, 700, 700, 700, 700, 700, 700, 700, 35, 70, 35, 70, 35, 70),
	(100401008, 100401, 1004, 1, 8, 800, 800, 800, 800, 800, 800, 800, 800, 800, 800, 800, 800, 800, 800, 800, 800, 800, 800, 40, 80, 40, 80, 40, 80),
	(100401009, 100401, 1004, 1, 9, 900, 900, 900, 900, 900, 900, 900, 900, 900, 900, 900, 900, 900, 900, 900, 900, 900, 900, 45, 90, 45, 90, 45, 90),
	(100401010, 100401, 1004, 1, 10, 1000, 1000, 1000, 1000, 1000, 1000, 1000, 1000, 1000, 1000, 1000, 1000, 1000, 1000, 1000, 1000, 1000, 1000, 50, 100, 50, 100, 50, 100),
	(100402011, 100402, 1004, 2, 11, 1100, 1100, 1100, 1100, 1100, 1100, 1100, 1100, 1100, 1100, 1100, 1100, 1100, 1100, 1100, 1100, 1100, 1100, 55, 110, 55, 110, 55, 110),
	(100402012, 100402, 1004, 2, 12, 1200, 1200, 1200, 1200, 1200, 1200, 1200, 1200, 1200, 1200, 1200, 1200, 1200, 1200, 1200, 1200, 1200, 1200, 60, 120, 60, 120, 60, 120),
	(100402013, 100402, 1004, 2, 13, 1300, 1300, 1300, 1300, 1300, 1300, 1300, 1300, 1300, 1300, 1300, 1300, 1300, 1300, 1300, 1300, 1300, 1300, 65, 130, 65, 130, 65, 130),
	(100402014, 100402, 1004, 2, 14, 1400, 1400, 1400, 1400, 1400, 1400, 1400, 1400, 1400, 1400, 1400, 1400, 1400, 1400, 1400, 1400, 1400, 1400, 70, 140, 70, 140, 70, 140),
	(100402015, 100402, 1004, 2, 15, 1500, 1500, 1500, 1500, 1500, 1500, 1500, 1500, 1500, 1500, 1500, 1500, 1500, 1500, 1500, 1500, 1500, 1500, 75, 150, 75, 150, 75, 150),
	(100402016, 100402, 1004, 2, 16, 1600, 1600, 1600, 1600, 1600, 1600, 1600, 1600, 1600, 1600, 1600, 1600, 1600, 1600, 1600, 1600, 1600, 1600, 80, 160, 80, 160, 80, 160),
	(100402017, 100402, 1004, 2, 17, 1700, 1700, 1700, 1700, 1700, 1700, 1700, 1700, 1700, 1700, 1700, 1700, 1700, 1700, 1700, 1700, 1700, 1700, 85, 170, 85, 170, 85, 170),
	(100402018, 100402, 1004, 2, 18, 1800, 1800, 1800, 1800, 1800, 1800, 1800, 1800, 1800, 1800, 1800, 1800, 1800, 1800, 1800, 1800, 1800, 1800, 90, 180, 90, 180, 90, 180),
	(100402019, 100402, 1004, 2, 19, 1900, 1900, 1900, 1900, 1900, 1900, 1900, 1900, 1900, 1900, 1900, 1900, 1900, 1900, 1900, 1900, 1900, 1900, 95, 190, 95, 190, 95, 190),
	(100402020, 100402, 1004, 2, 20, 2000, 2000, 2000, 2000, 2000, 2000, 2000, 2000, 2000, 2000, 2000, 2000, 2000, 2000, 2000, 2000, 2000, 2000, 100, 200, 100, 200, 100, 200),
	(100501001, 100501, 1005, 1, 1, 100, 100, 100, 100, 100, 100, 100, 100, 100, 100, 100, 100, 100, 100, 100, 100, 100, 100, 5, 10, 5, 10, 5, 10),
	(100501002, 100501, 1005, 1, 2, 200, 200, 200, 200, 200, 200, 200, 200, 200, 200, 200, 200, 200, 200, 200, 200, 200, 200, 10, 20, 10, 20, 10, 20),
	(100501003, 100501, 1005, 1, 3, 300, 300, 300, 300, 300, 300, 300, 300, 300, 300, 300, 300, 300, 300, 300, 300, 300, 300, 15, 30, 15, 30, 15, 30),
	(100501004, 100501, 1005, 1, 4, 400, 400, 400, 400, 400, 400, 400, 400, 400, 400, 400, 400, 400, 400, 400, 400, 400, 400, 20, 40, 20, 40, 20, 40),
	(100501005, 100501, 1005, 1, 5, 500, 500, 500, 500, 500, 500, 500, 500, 500, 500, 500, 500, 500, 500, 500, 500, 500, 500, 25, 50, 25, 50, 25, 50),
	(100501006, 100501, 1005, 1, 6, 600, 600, 600, 600, 600, 600, 600, 600, 600, 600, 600, 600, 600, 600, 600, 600, 600, 600, 30, 60, 30, 60, 30, 60),
	(100501007, 100501, 1005, 1, 7, 700, 700, 700, 700, 700, 700, 700, 700, 700, 700, 700, 700, 700, 700, 700, 700, 700, 700, 35, 70, 35, 70, 35, 70),
	(100501008, 100501, 1005, 1, 8, 800, 800, 800, 800, 800, 800, 800, 800, 800, 800, 800, 800, 800, 800, 800, 800, 800, 800, 40, 80, 40, 80, 40, 80),
	(100501009, 100501, 1005, 1, 9, 900, 900, 900, 900, 900, 900, 900, 900, 900, 900, 900, 900, 900, 900, 900, 900, 900, 900, 45, 90, 45, 90, 45, 90),
	(100501010, 100501, 1005, 1, 10, 1000, 1000, 1000, 1000, 1000, 1000, 1000, 1000, 1000, 1000, 1000, 1000, 1000, 1000, 1000, 1000, 1000, 1000, 50, 100, 50, 100, 50, 100),
	(100502011, 100502, 1005, 2, 11, 1100, 1100, 1100, 1100, 1100, 1100, 1100, 1100, 1100, 1100, 1100, 1100, 1100, 1100, 1100, 1100, 1100, 1100, 55, 110, 55, 110, 55, 110),
	(100502012, 100502, 1005, 2, 12, 1200, 1200, 1200, 1200, 1200, 1200, 1200, 1200, 1200, 1200, 1200, 1200, 1200, 1200, 1200, 1200, 1200, 1200, 60, 120, 60, 120, 60, 120),
	(100502013, 100502, 1005, 2, 13, 1300, 1300, 1300, 1300, 1300, 1300, 1300, 1300, 1300, 1300, 1300, 1300, 1300, 1300, 1300, 1300, 1300, 1300, 65, 130, 65, 130, 65, 130),
	(100502014, 100502, 1005, 2, 14, 1400, 1400, 1400, 1400, 1400, 1400, 1400, 1400, 1400, 1400, 1400, 1400, 1400, 1400, 1400, 1400, 1400, 1400, 70, 140, 70, 140, 70, 140),
	(100502015, 100502, 1005, 2, 15, 1500, 1500, 1500, 1500, 1500, 1500, 1500, 1500, 1500, 1500, 1500, 1500, 1500, 1500, 1500, 1500, 1500, 1500, 75, 150, 75, 150, 75, 150),
	(100502016, 100502, 1005, 2, 16, 1600, 1600, 1600, 1600, 1600, 1600, 1600, 1600, 1600, 1600, 1600, 1600, 1600, 1600, 1600, 1600, 1600, 1600, 80, 160, 80, 160, 80, 160),
	(100502017, 100502, 1005, 2, 17, 1700, 1700, 1700, 1700, 1700, 1700, 1700, 1700, 1700, 1700, 1700, 1700, 1700, 1700, 1700, 1700, 1700, 1700, 85, 170, 85, 170, 85, 170),
	(100502018, 100502, 1005, 2, 18, 1800, 1800, 1800, 1800, 1800, 1800, 1800, 1800, 1800, 1800, 1800, 1800, 1800, 1800, 1800, 1800, 1800, 1800, 90, 180, 90, 180, 90, 180),
	(100502019, 100502, 1005, 2, 19, 1900, 1900, 1900, 1900, 1900, 1900, 1900, 1900, 1900, 1900, 1900, 1900, 1900, 1900, 1900, 1900, 1900, 1900, 95, 190, 95, 190, 95, 190),
	(100502020, 100502, 1005, 2, 20, 2000, 2000, 2000, 2000, 2000, 2000, 2000, 2000, 2000, 2000, 2000, 2000, 2000, 2000, 2000, 2000, 2000, 2000, 100, 200, 100, 200, 100, 200),
	(100601001, 100601, 1006, 1, 1, 100, 100, 100, 100, 100, 100, 100, 100, 100, 100, 100, 100, 100, 100, 100, 100, 100, 100, 5, 10, 5, 10, 5, 10),
	(100601002, 100601, 1006, 1, 2, 200, 200, 200, 200, 200, 200, 200, 200, 200, 200, 200, 200, 200, 200, 200, 200, 200, 200, 10, 20, 10, 20, 10, 20),
	(100601003, 100601, 1006, 1, 3, 300, 300, 300, 300, 300, 300, 300, 300, 300, 300, 300, 300, 300, 300, 300, 300, 300, 300, 15, 30, 15, 30, 15, 30),
	(100601004, 100601, 1006, 1, 4, 400, 400, 400, 400, 400, 400, 400, 400, 400, 400, 400, 400, 400, 400, 400, 400, 400, 400, 20, 40, 20, 40, 20, 40),
	(100601005, 100601, 1006, 1, 5, 500, 500, 500, 500, 500, 500, 500, 500, 500, 500, 500, 500, 500, 500, 500, 500, 500, 500, 25, 50, 25, 50, 25, 50),
	(100601006, 100601, 1006, 1, 6, 600, 600, 600, 600, 600, 600, 600, 600, 600, 600, 600, 600, 600, 600, 600, 600, 600, 600, 30, 60, 30, 60, 30, 60),
	(100601007, 100601, 1006, 1, 7, 700, 700, 700, 700, 700, 700, 700, 700, 700, 700, 700, 700, 700, 700, 700, 700, 700, 700, 35, 70, 35, 70, 35, 70),
	(100601008, 100601, 1006, 1, 8, 800, 800, 800, 800, 800, 800, 800, 800, 800, 800, 800, 800, 800, 800, 800, 800, 800, 800, 40, 80, 40, 80, 40, 80),
	(100601009, 100601, 1006, 1, 9, 900, 900, 900, 900, 900, 900, 900, 900, 900, 900, 900, 900, 900, 900, 900, 900, 900, 900, 45, 90, 45, 90, 45, 90),
	(100601010, 100601, 1006, 1, 10, 1000, 1000, 1000, 1000, 1000, 1000, 1000, 1000, 1000, 1000, 1000, 1000, 1000, 1000, 1000, 1000, 1000, 1000, 50, 100, 50, 100, 50, 100),
	(100602011, 100602, 1006, 2, 11, 1100, 1100, 1100, 1100, 1100, 1100, 1100, 1100, 1100, 1100, 1100, 1100, 1100, 1100, 1100, 1100, 1100, 1100, 55, 110, 55, 110, 55, 110),
	(100602012, 100602, 1006, 2, 12, 1200, 1200, 1200, 1200, 1200, 1200, 1200, 1200, 1200, 1200, 1200, 1200, 1200, 1200, 1200, 1200, 1200, 1200, 60, 120, 60, 120, 60, 120),
	(100602013, 100602, 1006, 2, 13, 1300, 1300, 1300, 1300, 1300, 1300, 1300, 1300, 1300, 1300, 1300, 1300, 1300, 1300, 1300, 1300, 1300, 1300, 65, 130, 65, 130, 65, 130),
	(100602014, 100602, 1006, 2, 14, 1400, 1400, 1400, 1400, 1400, 1400, 1400, 1400, 1400, 1400, 1400, 1400, 1400, 1400, 1400, 1400, 1400, 1400, 70, 140, 70, 140, 70, 140),
	(100602015, 100602, 1006, 2, 15, 1500, 1500, 1500, 1500, 1500, 1500, 1500, 1500, 1500, 1500, 1500, 1500, 1500, 1500, 1500, 1500, 1500, 1500, 75, 150, 75, 150, 75, 150),
	(100602016, 100602, 1006, 2, 16, 1600, 1600, 1600, 1600, 1600, 1600, 1600, 1600, 1600, 1600, 1600, 1600, 1600, 1600, 1600, 1600, 1600, 1600, 80, 160, 80, 160, 80, 160),
	(100602017, 100602, 1006, 2, 17, 1700, 1700, 1700, 1700, 1700, 1700, 1700, 1700, 1700, 1700, 1700, 1700, 1700, 1700, 1700, 1700, 1700, 1700, 85, 170, 85, 170, 85, 170),
	(100602018, 100602, 1006, 2, 18, 1800, 1800, 1800, 1800, 1800, 1800, 1800, 1800, 1800, 1800, 1800, 1800, 1800, 1800, 1800, 1800, 1800, 1800, 90, 180, 90, 180, 90, 180),
	(100602019, 100602, 1006, 2, 19, 1900, 1900, 1900, 1900, 1900, 1900, 1900, 1900, 1900, 1900, 1900, 1900, 1900, 1900, 1900, 1900, 1900, 1900, 95, 190, 95, 190, 95, 190),
	(100602020, 100602, 1006, 2, 20, 2000, 2000, 2000, 2000, 2000, 2000, 2000, 2000, 2000, 2000, 2000, 2000, 2000, 2000, 2000, 2000, 2000, 2000, 100, 200, 100, 200, 100, 200),
	(100701001, 100701, 1007, 1, 1, 100, 100, 100, 100, 100, 100, 100, 100, 100, 100, 100, 100, 100, 100, 100, 100, 100, 100, 5, 10, 5, 10, 5, 10),
	(100701002, 100701, 1007, 1, 2, 200, 200, 200, 200, 200, 200, 200, 200, 200, 200, 200, 200, 200, 200, 200, 200, 200, 200, 10, 20, 10, 20, 10, 20),
	(100701003, 100701, 1007, 1, 3, 300, 300, 300, 300, 300, 300, 300, 300, 300, 300, 300, 300, 300, 300, 300, 300, 300, 300, 15, 30, 15, 30, 15, 30),
	(100701004, 100701, 1007, 1, 4, 400, 400, 400, 400, 400, 400, 400, 400, 400, 400, 400, 400, 400, 400, 400, 400, 400, 400, 20, 40, 20, 40, 20, 40),
	(100701005, 100701, 1007, 1, 5, 500, 500, 500, 500, 500, 500, 500, 500, 500, 500, 500, 500, 500, 500, 500, 500, 500, 500, 25, 50, 25, 50, 25, 50),
	(100701006, 100701, 1007, 1, 6, 600, 600, 600, 600, 600, 600, 600, 600, 600, 600, 600, 600, 600, 600, 600, 600, 600, 600, 30, 60, 30, 60, 30, 60),
	(100701007, 100701, 1007, 1, 7, 700, 700, 700, 700, 700, 700, 700, 700, 700, 700, 700, 700, 700, 700, 700, 700, 700, 700, 35, 70, 35, 70, 35, 70),
	(100701008, 100701, 1007, 1, 8, 800, 800, 800, 800, 800, 800, 800, 800, 800, 800, 800, 800, 800, 800, 800, 800, 800, 800, 40, 80, 40, 80, 40, 80),
	(100701009, 100701, 1007, 1, 9, 900, 900, 900, 900, 900, 900, 900, 900, 900, 900, 900, 900, 900, 900, 900, 900, 900, 900, 45, 90, 45, 90, 45, 90),
	(100701010, 100701, 1007, 1, 10, 1000, 1000, 1000, 1000, 1000, 1000, 1000, 1000, 1000, 1000, 1000, 1000, 1000, 1000, 1000, 1000, 1000, 1000, 50, 100, 50, 100, 50, 100),
	(100702011, 100702, 1007, 2, 11, 1100, 1100, 1100, 1100, 1100, 1100, 1100, 1100, 1100, 1100, 1100, 1100, 1100, 1100, 1100, 1100, 1100, 1100, 55, 110, 55, 110, 55, 110),
	(100702012, 100702, 1007, 2, 12, 1200, 1200, 1200, 1200, 1200, 1200, 1200, 1200, 1200, 1200, 1200, 1200, 1200, 1200, 1200, 1200, 1200, 1200, 60, 120, 60, 120, 60, 120),
	(100702013, 100702, 1007, 2, 13, 1300, 1300, 1300, 1300, 1300, 1300, 1300, 1300, 1300, 1300, 1300, 1300, 1300, 1300, 1300, 1300, 1300, 1300, 65, 130, 65, 130, 65, 130),
	(100702014, 100702, 1007, 2, 14, 1400, 1400, 1400, 1400, 1400, 1400, 1400, 1400, 1400, 1400, 1400, 1400, 1400, 1400, 1400, 1400, 1400, 1400, 70, 140, 70, 140, 70, 140),
	(100702015, 100702, 1007, 2, 15, 1500, 1500, 1500, 1500, 1500, 1500, 1500, 1500, 1500, 1500, 1500, 1500, 1500, 1500, 1500, 1500, 1500, 1500, 75, 150, 75, 150, 75, 150),
	(100702016, 100702, 1007, 2, 16, 1600, 1600, 1600, 1600, 1600, 1600, 1600, 1600, 1600, 1600, 1600, 1600, 1600, 1600, 1600, 1600, 1600, 1600, 80, 160, 80, 160, 80, 160),
	(100702017, 100702, 1007, 2, 17, 1700, 1700, 1700, 1700, 1700, 1700, 1700, 1700, 1700, 1700, 1700, 1700, 1700, 1700, 1700, 1700, 1700, 1700, 85, 170, 85, 170, 85, 170),
	(100702018, 100702, 1007, 2, 18, 1800, 1800, 1800, 1800, 1800, 1800, 1800, 1800, 1800, 1800, 1800, 1800, 1800, 1800, 1800, 1800, 1800, 1800, 90, 180, 90, 180, 90, 180),
	(100702019, 100702, 1007, 2, 19, 1900, 1900, 1900, 1900, 1900, 1900, 1900, 1900, 1900, 1900, 1900, 1900, 1900, 1900, 1900, 1900, 1900, 1900, 95, 190, 95, 190, 95, 190),
	(100702020, 100702, 1007, 2, 20, 2000, 2000, 2000, 2000, 2000, 2000, 2000, 2000, 2000, 2000, 2000, 2000, 2000, 2000, 2000, 2000, 2000, 2000, 100, 200, 100, 200, 100, 200),
	(100801001, 100801, 1008, 1, 1, 100, 100, 100, 100, 100, 100, 100, 100, 100, 100, 100, 100, 100, 100, 100, 100, 100, 100, 5, 10, 5, 10, 5, 10),
	(100801002, 100801, 1008, 1, 2, 200, 200, 200, 200, 200, 200, 200, 200, 200, 200, 200, 200, 200, 200, 200, 200, 200, 200, 10, 20, 10, 20, 10, 20),
	(100801003, 100801, 1008, 1, 3, 300, 300, 300, 300, 300, 300, 300, 300, 300, 300, 300, 300, 300, 300, 300, 300, 300, 300, 15, 30, 15, 30, 15, 30),
	(100801004, 100801, 1008, 1, 4, 400, 400, 400, 400, 400, 400, 400, 400, 400, 400, 400, 400, 400, 400, 400, 400, 400, 400, 20, 40, 20, 40, 20, 40),
	(100801005, 100801, 1008, 1, 5, 500, 500, 500, 500, 500, 500, 500, 500, 500, 500, 500, 500, 500, 500, 500, 500, 500, 500, 25, 50, 25, 50, 25, 50),
	(100801006, 100801, 1008, 1, 6, 600, 600, 600, 600, 600, 600, 600, 600, 600, 600, 600, 600, 600, 600, 600, 600, 600, 600, 30, 60, 30, 60, 30, 60),
	(100801007, 100801, 1008, 1, 7, 700, 700, 700, 700, 700, 700, 700, 700, 700, 700, 700, 700, 700, 700, 700, 700, 700, 700, 35, 70, 35, 70, 35, 70),
	(100801008, 100801, 1008, 1, 8, 800, 800, 800, 800, 800, 800, 800, 800, 800, 800, 800, 800, 800, 800, 800, 800, 800, 800, 40, 80, 40, 80, 40, 80),
	(100801009, 100801, 1008, 1, 9, 900, 900, 900, 900, 900, 900, 900, 900, 900, 900, 900, 900, 900, 900, 900, 900, 900, 900, 45, 90, 45, 90, 45, 90),
	(100801010, 100801, 1008, 1, 10, 1000, 1000, 1000, 1000, 1000, 1000, 1000, 1000, 1000, 1000, 1000, 1000, 1000, 1000, 1000, 1000, 1000, 1000, 50, 100, 50, 100, 50, 100),
	(100802011, 100802, 1008, 2, 11, 1100, 1100, 1100, 1100, 1100, 1100, 1100, 1100, 1100, 1100, 1100, 1100, 1100, 1100, 1100, 1100, 1100, 1100, 55, 110, 55, 110, 55, 110),
	(100802012, 100802, 1008, 2, 12, 1200, 1200, 1200, 1200, 1200, 1200, 1200, 1200, 1200, 1200, 1200, 1200, 1200, 1200, 1200, 1200, 1200, 1200, 60, 120, 60, 120, 60, 120),
	(100802013, 100802, 1008, 2, 13, 1300, 1300, 1300, 1300, 1300, 1300, 1300, 1300, 1300, 1300, 1300, 1300, 1300, 1300, 1300, 1300, 1300, 1300, 65, 130, 65, 130, 65, 130),
	(100802014, 100802, 1008, 2, 14, 1400, 1400, 1400, 1400, 1400, 1400, 1400, 1400, 1400, 1400, 1400, 1400, 1400, 1400, 1400, 1400, 1400, 1400, 70, 140, 70, 140, 70, 140),
	(100802015, 100802, 1008, 2, 15, 1500, 1500, 1500, 1500, 1500, 1500, 1500, 1500, 1500, 1500, 1500, 1500, 1500, 1500, 1500, 1500, 1500, 1500, 75, 150, 75, 150, 75, 150),
	(100802016, 100802, 1008, 2, 16, 1600, 1600, 1600, 1600, 1600, 1600, 1600, 1600, 1600, 1600, 1600, 1600, 1600, 1600, 1600, 1600, 1600, 1600, 80, 160, 80, 160, 80, 160),
	(100802017, 100802, 1008, 2, 17, 1700, 1700, 1700, 1700, 1700, 1700, 1700, 1700, 1700, 1700, 1700, 1700, 1700, 1700, 1700, 1700, 1700, 1700, 85, 170, 85, 170, 85, 170),
	(100802018, 100802, 1008, 2, 18, 1800, 1800, 1800, 1800, 1800, 1800, 1800, 1800, 1800, 1800, 1800, 1800, 1800, 1800, 1800, 1800, 1800, 1800, 90, 180, 90, 180, 90, 180),
	(100802019, 100802, 1008, 2, 19, 1900, 1900, 1900, 1900, 1900, 1900, 1900, 1900, 1900, 1900, 1900, 1900, 1900, 1900, 1900, 1900, 1900, 1900, 95, 190, 95, 190, 95, 190),
	(100802020, 100802, 1008, 2, 20, 2000, 2000, 2000, 2000, 2000, 2000, 2000, 2000, 2000, 2000, 2000, 2000, 2000, 2000, 2000, 2000, 2000, 2000, 100, 200, 100, 200, 100, 200),
	(100901001, 100901, 1009, 1, 1, 100, 100, 100, 100, 100, 100, 100, 100, 100, 100, 100, 100, 100, 100, 100, 100, 100, 100, 5, 10, 5, 10, 5, 10),
	(100901002, 100901, 1009, 1, 2, 200, 200, 200, 200, 200, 200, 200, 200, 200, 200, 200, 200, 200, 200, 200, 200, 200, 200, 10, 20, 10, 20, 10, 20),
	(100901003, 100901, 1009, 1, 3, 300, 300, 300, 300, 300, 300, 300, 300, 300, 300, 300, 300, 300, 300, 300, 300, 300, 300, 15, 30, 15, 30, 15, 30),
	(100901004, 100901, 1009, 1, 4, 400, 400, 400, 400, 400, 400, 400, 400, 400, 400, 400, 400, 400, 400, 400, 400, 400, 400, 20, 40, 20, 40, 20, 40),
	(100901005, 100901, 1009, 1, 5, 500, 500, 500, 500, 500, 500, 500, 500, 500, 500, 500, 500, 500, 500, 500, 500, 500, 500, 25, 50, 25, 50, 25, 50),
	(100901006, 100901, 1009, 1, 6, 600, 600, 600, 600, 600, 600, 600, 600, 600, 600, 600, 600, 600, 600, 600, 600, 600, 600, 30, 60, 30, 60, 30, 60),
	(100901007, 100901, 1009, 1, 7, 700, 700, 700, 700, 700, 700, 700, 700, 700, 700, 700, 700, 700, 700, 700, 700, 700, 700, 35, 70, 35, 70, 35, 70),
	(100901008, 100901, 1009, 1, 8, 800, 800, 800, 800, 800, 800, 800, 800, 800, 800, 800, 800, 800, 800, 800, 800, 800, 800, 40, 80, 40, 80, 40, 80),
	(100901009, 100901, 1009, 1, 9, 900, 900, 900, 900, 900, 900, 900, 900, 900, 900, 900, 900, 900, 900, 900, 900, 900, 900, 45, 90, 45, 90, 45, 90),
	(100901010, 100901, 1009, 1, 10, 1000, 1000, 1000, 1000, 1000, 1000, 1000, 1000, 1000, 1000, 1000, 1000, 1000, 1000, 1000, 1000, 1000, 1000, 50, 100, 50, 100, 50, 100),
	(100902011, 100902, 1009, 2, 11, 1100, 1100, 1100, 1100, 1100, 1100, 1100, 1100, 1100, 1100, 1100, 1100, 1100, 1100, 1100, 1100, 1100, 1100, 55, 110, 55, 110, 55, 110),
	(100902012, 100902, 1009, 2, 12, 1200, 1200, 1200, 1200, 1200, 1200, 1200, 1200, 1200, 1200, 1200, 1200, 1200, 1200, 1200, 1200, 1200, 1200, 60, 120, 60, 120, 60, 120),
	(100902013, 100902, 1009, 2, 13, 1300, 1300, 1300, 1300, 1300, 1300, 1300, 1300, 1300, 1300, 1300, 1300, 1300, 1300, 1300, 1300, 1300, 1300, 65, 130, 65, 130, 65, 130),
	(100902014, 100902, 1009, 2, 14, 1400, 1400, 1400, 1400, 1400, 1400, 1400, 1400, 1400, 1400, 1400, 1400, 1400, 1400, 1400, 1400, 1400, 1400, 70, 140, 70, 140, 70, 140),
	(100902015, 100902, 1009, 2, 15, 1500, 1500, 1500, 1500, 1500, 1500, 1500, 1500, 1500, 1500, 1500, 1500, 1500, 1500, 1500, 1500, 1500, 1500, 75, 150, 75, 150, 75, 150),
	(100902016, 100902, 1009, 2, 16, 1600, 1600, 1600, 1600, 1600, 1600, 1600, 1600, 1600, 1600, 1600, 1600, 1600, 1600, 1600, 1600, 1600, 1600, 80, 160, 80, 160, 80, 160),
	(100902017, 100902, 1009, 2, 17, 1700, 1700, 1700, 1700, 1700, 1700, 1700, 1700, 1700, 1700, 1700, 1700, 1700, 1700, 1700, 1700, 1700, 1700, 85, 170, 85, 170, 85, 170),
	(100902018, 100902, 1009, 2, 18, 1800, 1800, 1800, 1800, 1800, 1800, 1800, 1800, 1800, 1800, 1800, 1800, 1800, 1800, 1800, 1800, 1800, 1800, 90, 180, 90, 180, 90, 180),
	(100902019, 100902, 1009, 2, 19, 1900, 1900, 1900, 1900, 1900, 1900, 1900, 1900, 1900, 1900, 1900, 1900, 1900, 1900, 1900, 1900, 1900, 1900, 95, 190, 95, 190, 95, 190),
	(100902020, 100902, 1009, 2, 20, 2000, 2000, 2000, 2000, 2000, 2000, 2000, 2000, 2000, 2000, 2000, 2000, 2000, 2000, 2000, 2000, 2000, 2000, 100, 200, 100, 200, 100, 200),
	(101001001, 101001, 1010, 1, 1, 100, 100, 100, 100, 100, 100, 100, 100, 100, 100, 100, 100, 100, 100, 100, 100, 100, 100, 5, 10, 5, 10, 5, 10),
	(101001002, 101001, 1010, 1, 2, 200, 200, 200, 200, 200, 200, 200, 200, 200, 200, 200, 200, 200, 200, 200, 200, 200, 200, 10, 20, 10, 20, 10, 20),
	(101001003, 101001, 1010, 1, 3, 300, 300, 300, 300, 300, 300, 300, 300, 300, 300, 300, 300, 300, 300, 300, 300, 300, 300, 15, 30, 15, 30, 15, 30),
	(101001004, 101001, 1010, 1, 4, 400, 400, 400, 400, 400, 400, 400, 400, 400, 400, 400, 400, 400, 400, 400, 400, 400, 400, 20, 40, 20, 40, 20, 40),
	(101001005, 101001, 1010, 1, 5, 500, 500, 500, 500, 500, 500, 500, 500, 500, 500, 500, 500, 500, 500, 500, 500, 500, 500, 25, 50, 25, 50, 25, 50),
	(101001006, 101001, 1010, 1, 6, 600, 600, 600, 600, 600, 600, 600, 600, 600, 600, 600, 600, 600, 600, 600, 600, 600, 600, 30, 60, 30, 60, 30, 60),
	(101001007, 101001, 1010, 1, 7, 700, 700, 700, 700, 700, 700, 700, 700, 700, 700, 700, 700, 700, 700, 700, 700, 700, 700, 35, 70, 35, 70, 35, 70),
	(101001008, 101001, 1010, 1, 8, 800, 800, 800, 800, 800, 800, 800, 800, 800, 800, 800, 800, 800, 800, 800, 800, 800, 800, 40, 80, 40, 80, 40, 80),
	(101001009, 101001, 1010, 1, 9, 900, 900, 900, 900, 900, 900, 900, 900, 900, 900, 900, 900, 900, 900, 900, 900, 900, 900, 45, 90, 45, 90, 45, 90),
	(101001010, 101001, 1010, 1, 10, 1000, 1000, 1000, 1000, 1000, 1000, 1000, 1000, 1000, 1000, 1000, 1000, 1000, 1000, 1000, 1000, 1000, 1000, 50, 100, 50, 100, 50, 100),
	(101002011, 101002, 1010, 2, 11, 1100, 1100, 1100, 1100, 1100, 1100, 1100, 1100, 1100, 1100, 1100, 1100, 1100, 1100, 1100, 1100, 1100, 1100, 55, 110, 55, 110, 55, 110),
	(101002012, 101002, 1010, 2, 12, 1200, 1200, 1200, 1200, 1200, 1200, 1200, 1200, 1200, 1200, 1200, 1200, 1200, 1200, 1200, 1200, 1200, 1200, 60, 120, 60, 120, 60, 120),
	(101002013, 101002, 1010, 2, 13, 1300, 1300, 1300, 1300, 1300, 1300, 1300, 1300, 1300, 1300, 1300, 1300, 1300, 1300, 1300, 1300, 1300, 1300, 65, 130, 65, 130, 65, 130),
	(101002014, 101002, 1010, 2, 14, 1400, 1400, 1400, 1400, 1400, 1400, 1400, 1400, 1400, 1400, 1400, 1400, 1400, 1400, 1400, 1400, 1400, 1400, 70, 140, 70, 140, 70, 140),
	(101002015, 101002, 1010, 2, 15, 1500, 1500, 1500, 1500, 1500, 1500, 1500, 1500, 1500, 1500, 1500, 1500, 1500, 1500, 1500, 1500, 1500, 1500, 75, 150, 75, 150, 75, 150),
	(101002016, 101002, 1010, 2, 16, 1600, 1600, 1600, 1600, 1600, 1600, 1600, 1600, 1600, 1600, 1600, 1600, 1600, 1600, 1600, 1600, 1600, 1600, 80, 160, 80, 160, 80, 160),
	(101002017, 101002, 1010, 2, 17, 1700, 1700, 1700, 1700, 1700, 1700, 1700, 1700, 1700, 1700, 1700, 1700, 1700, 1700, 1700, 1700, 1700, 1700, 85, 170, 85, 170, 85, 170),
	(101002018, 101002, 1010, 2, 18, 1800, 1800, 1800, 1800, 1800, 1800, 1800, 1800, 1800, 1800, 1800, 1800, 1800, 1800, 1800, 1800, 1800, 1800, 90, 180, 90, 180, 90, 180),
	(101002019, 101002, 1010, 2, 19, 1900, 1900, 1900, 1900, 1900, 1900, 1900, 1900, 1900, 1900, 1900, 1900, 1900, 1900, 1900, 1900, 1900, 1900, 95, 190, 95, 190, 95, 190),
	(101002020, 101002, 1010, 2, 20, 2000, 2000, 2000, 2000, 2000, 2000, 2000, 2000, 2000, 2000, 2000, 2000, 2000, 2000, 2000, 2000, 2000, 2000, 100, 200, 100, 200, 100, 200);
/*!40000 ALTER TABLE `master_character_level` ENABLE KEYS */;

--  テーブル presto_master.master_character_original の構造をダンプしています
DROP TABLE IF EXISTS `master_character_original`;
CREATE TABLE IF NOT EXISTS `master_character_original` (
  `character_original_id` int(10) unsigned NOT NULL DEFAULT '0',
  `serial_id` int(10) unsigned NOT NULL DEFAULT '0' COMMENT '連番',
  `type` int(11) NOT NULL DEFAULT '0' COMMENT '区分',
  `occupation` int(11) NOT NULL DEFAULT '0' COMMENT '職種',
  `personarity` int(11) NOT NULL DEFAULT '0' COMMENT '性格',
  `attribute` int(11) NOT NULL DEFAULT '0' COMMENT '属性',
  `position` int(11) NOT NULL DEFAULT '0' COMMENT 'ポジション',
  `rank_min` int(11) NOT NULL,
  `rank_max` int(11) NOT NULL,
  `name` varchar(255) COLLATE utf8mb4_unicode_ci NOT NULL COMMENT 'キャラ名',
  `caption` varchar(1500) COLLATE utf8mb4_unicode_ci NOT NULL
) ENGINE=InnoDB DEFAULT CHARSET=utf8mb4 COLLATE=utf8mb4_unicode_ci COMMENT='キャラクターオリジナルマスター';

-- テーブル presto_master.master_character_original: ~30 rows (約) のデータをダンプしています
DELETE FROM `master_character_original`;
/*!40000 ALTER TABLE `master_character_original` DISABLE KEYS */;
INSERT INTO `master_character_original` (`character_original_id`, `serial_id`, `type`, `occupation`, `personarity`, `attribute`, `position`, `rank_min`, `rank_max`, `name`, `caption`) VALUES
	(1001, 1, 1, 1, 0, 0, 0, 1, 5, '銃士#1', '銃士#1'),
	(1002, 2, 1, 1, 0, 0, 0, 1, 5, '銃士#2', '銃士#2'),
	(1003, 3, 1, 2, 0, 0, 0, 1, 5, '剣闘士#3', '剣闘士#3'),
	(1004, 4, 1, 2, 0, 0, 0, 1, 5, '剣闘士#4', '剣闘士#4'),
	(1005, 5, 1, 3, 0, 0, 0, 1, 5, '重戦士#5', '重戦士#5'),
	(1006, 6, 1, 3, 0, 0, 0, 1, 5, '重戦士#6', '重戦士#6'),
	(1007, 7, 1, 4, 0, 0, 0, 1, 5, '治癒士#7', '治癒士#7'),
	(1008, 8, 1, 4, 0, 0, 0, 1, 5, '治癒士#8', '治癒士#8'),
	(1009, 9, 1, 5, 0, 0, 0, 1, 5, '防御士#9', '防御士#9'),
	(1010, 10, 1, 5, 0, 0, 0, 1, 5, '防御士#10', '防御士#10'),
	(2001, 1, 2, 1, 0, 0, 0, 1, 5, '銃士#1', '銃士#1'),
	(2002, 2, 2, 1, 0, 0, 0, 1, 5, '銃士#2', '銃士#2'),
	(2003, 3, 2, 2, 0, 0, 0, 1, 5, '剣闘士#3', '剣闘士#3'),
	(2004, 4, 2, 2, 0, 0, 0, 1, 5, '剣闘士#4', '剣闘士#4'),
	(2005, 5, 2, 3, 0, 0, 0, 1, 5, '重戦士#5', '重戦士#5'),
	(2006, 6, 2, 3, 0, 0, 0, 1, 5, '重戦士#6', '重戦士#6'),
	(2007, 7, 2, 4, 0, 0, 0, 1, 5, '治癒士#7', '治癒士#7'),
	(2008, 8, 2, 4, 0, 0, 0, 1, 5, '治癒士#8', '治癒士#8'),
	(2009, 9, 2, 5, 0, 0, 0, 1, 5, '防御士#9', '防御士#9'),
	(2010, 10, 2, 5, 0, 0, 0, 1, 5, '防御士#10', '防御士#10'),
	(3001, 1, 3, 1, 0, 0, 0, 1, 5, '銃士#1', '銃士#1'),
	(3002, 2, 3, 1, 0, 0, 0, 1, 5, '銃士#2', '銃士#2'),
	(3003, 3, 3, 2, 0, 0, 0, 1, 5, '剣闘士#3', '剣闘士#3'),
	(3004, 4, 3, 2, 0, 0, 0, 1, 5, '剣闘士#4', '剣闘士#4'),
	(3005, 5, 3, 3, 0, 0, 0, 1, 5, '重戦士#5', '重戦士#5'),
	(3006, 6, 3, 3, 0, 0, 0, 1, 5, '重戦士#6', '重戦士#6'),
	(3007, 7, 3, 4, 0, 0, 0, 1, 5, '治癒士#7', '治癒士#7'),
	(3008, 8, 3, 4, 0, 0, 0, 1, 5, '治癒士#8', '治癒士#8'),
	(3009, 9, 3, 5, 0, 0, 0, 1, 5, '防御士#9', '防御士#9'),
	(3010, 10, 3, 5, 0, 0, 0, 1, 5, '防御士#10', '防御士#10');
/*!40000 ALTER TABLE `master_character_original` ENABLE KEYS */;

--  テーブル presto_master.master_quest_area の構造をダンプしています
DROP TABLE IF EXISTS `master_quest_area`;
CREATE TABLE IF NOT EXISTS `master_quest_area` (
  `area_id` int(10) unsigned NOT NULL DEFAULT '0',
  `map_id` int(10) unsigned DEFAULT NULL,
  `serial_id` int(10) unsigned DEFAULT NULL,
  `name` varchar(50) DEFAULT NULL,
  `caption` text,
  PRIMARY KEY (`area_id`)
) ENGINE=InnoDB DEFAULT CHARSET=utf8 COMMENT='エリア一覧';

-- テーブル presto_master.master_quest_area: ~25 rows (約) のデータをダンプしています
DELETE FROM `master_quest_area`;
/*!40000 ALTER TABLE `master_quest_area` DISABLE KEYS */;
INSERT INTO `master_quest_area` (`area_id`, `map_id`, `serial_id`, `name`, `caption`) VALUES
	(101, 1, 1, '始まりの章#1', '始まりの章#1'),
	(102, 1, 2, '始まりの章#2', '始まりの章#2'),
	(103, 1, 3, '始まりの章#3', '始まりの章#3'),
	(104, 1, 4, '始まりの章#4', '始まりの章#4'),
	(105, 1, 5, '始まりの章#5', '始まりの章#5'),
	(201, 2, 1, '〇〇を探せ！#1', '〇〇を探せ！#1'),
	(202, 2, 2, '〇〇を探せ！#2', '〇〇を探せ！#2'),
	(203, 2, 3, '〇〇を探せ！#3', '〇〇を探せ！#3'),
	(204, 2, 4, '〇〇を探せ！#4', '〇〇を探せ！#4'),
	(205, 2, 5, '〇〇を探せ！#5', '〇〇を探せ！#5'),
	(301, 3, 1, '北へ進め！#1', '北へ進め！#1'),
	(302, 3, 2, '北へ進め！#2', '北へ進め！#2'),
	(303, 3, 3, '北へ進め！#3', '北へ進め！#3'),
	(304, 3, 4, '北へ進め！#4', '北へ進め！#4'),
	(305, 3, 5, '北へ進め！#5', '北へ進め！#5'),
	(401, 4, 1, '北の北！#1', '北の北！#1'),
	(402, 4, 2, '北の北！#2', '北の北！#2'),
	(403, 4, 3, '北の北！#3', '北の北！#3'),
	(404, 4, 4, '北の北！#4', '北の北！#4'),
	(405, 4, 5, '北の北！#5', '北の北！#5'),
	(501, 5, 1, '冬が来る！#1', '冬が来る！#1'),
	(502, 5, 2, '冬が来る！#2', '冬が来る！#2'),
	(503, 5, 3, '冬が来る！#3', '冬が来る！#3'),
	(504, 5, 4, '冬が来る！#4', '冬が来る！#4'),
	(505, 5, 5, '冬が来る！#5', '冬が来る！#5');
/*!40000 ALTER TABLE `master_quest_area` ENABLE KEYS */;

--  テーブル presto_master.master_quest_map の構造をダンプしています
DROP TABLE IF EXISTS `master_quest_map`;
CREATE TABLE IF NOT EXISTS `master_quest_map` (
  `map_id` int(10) unsigned NOT NULL DEFAULT '0',
  `name` varchar(50) DEFAULT NULL,
  `caption` text,
  PRIMARY KEY (`map_id`)
) ENGINE=InnoDB DEFAULT CHARSET=utf8 COMMENT='マップ一覧';

-- テーブル presto_master.master_quest_map: ~5 rows (約) のデータをダンプしています
DELETE FROM `master_quest_map`;
/*!40000 ALTER TABLE `master_quest_map` DISABLE KEYS */;
INSERT INTO `master_quest_map` (`map_id`, `name`, `caption`) VALUES
	(1, '始まりの章', '始まりの章'),
	(2, '〇〇を探せ！', '〇〇を探せ！'),
	(3, '北へ進め！', '北へ進め！'),
	(4, '北の北！', '北の北！'),
	(5, '冬が来る！', '冬が来る！');
/*!40000 ALTER TABLE `master_quest_map` ENABLE KEYS */;

--  テーブル presto_master.master_quest_stage の構造をダンプしています
DROP TABLE IF EXISTS `master_quest_stage`;
CREATE TABLE IF NOT EXISTS `master_quest_stage` (
  `id` int(10) unsigned NOT NULL DEFAULT '0',
  `stage_id` int(10) unsigned NOT NULL DEFAULT '0',
  `map_id` int(10) unsigned DEFAULT NULL,
  `area_id` int(10) unsigned DEFAULT NULL
) ENGINE=InnoDB DEFAULT CHARSET=utf8;

-- テーブル presto_master.master_quest_stage: ~0 rows (約) のデータをダンプしています
DELETE FROM `master_quest_stage`;
/*!40000 ALTER TABLE `master_quest_stage` DISABLE KEYS */;
/*!40000 ALTER TABLE `master_quest_stage` ENABLE KEYS */;

--  テーブル presto_master.master_tutorial_character の構造をダンプしています
DROP TABLE IF EXISTS `master_tutorial_character`;
CREATE TABLE IF NOT EXISTS `master_tutorial_character` (
  `id` int(10) unsigned DEFAULT NULL,
  `character_type` int(10) unsigned DEFAULT NULL,
  `character_id` int(10) unsigned DEFAULT NULL,
  `weight` int(10) unsigned DEFAULT NULL COMMENT '重み',
  `created` timestamp NULL DEFAULT NULL,
  `modified` timestamp NULL DEFAULT NULL
) ENGINE=InnoDB DEFAULT CHARSET=utf8 COMMENT='チュートリアルで落ちるキャラ一覧';

-- テーブル presto_master.master_tutorial_character: ~15 rows (約) のデータをダンプしています
DELETE FROM `master_tutorial_character`;
/*!40000 ALTER TABLE `master_tutorial_character` DISABLE KEYS */;
INSERT INTO `master_tutorial_character` (`id`, `character_type`, `character_id`, `weight`, `created`, `modified`) VALUES
	(1, 1, 100101001, 1000, NULL, NULL),
	(2, 1, 100201001, 1000, NULL, NULL),
	(3, 1, 100301001, 1000, NULL, NULL),
	(4, 1, 100401001, 1000, NULL, NULL),
	(5, 1, 100501001, 1000, NULL, NULL),
	(6, 1, 100601001, 1000, NULL, NULL),
	(7, 1, 100701001, 1000, NULL, NULL),
	(8, 1, 100801001, 1000, NULL, NULL),
	(9, 1, 100901001, 1000, NULL, NULL),
	(10, 1, 101001001, 1000, NULL, NULL),
	(11, 1, 100102011, 10, NULL, NULL),
	(12, 1, 100202011, 10, NULL, NULL),
	(13, 1, 100302011, 10, NULL, NULL),
	(14, 1, 100402011, 10, NULL, NULL),
	(15, 1, 100502011, 10, NULL, NULL);
/*!40000 ALTER TABLE `master_tutorial_character` ENABLE KEYS */;

/*!40101 SET SQL_MODE=IFNULL(@OLD_SQL_MODE, '') */;
/*!40014 SET FOREIGN_KEY_CHECKS=IF(@OLD_FOREIGN_KEY_CHECKS IS NULL, 1, @OLD_FOREIGN_KEY_CHECKS) */;
/*!40101 SET CHARACTER_SET_CLIENT=@OLD_CHARACTER_SET_CLIENT */;
